cluster_id,x,y,z,radius,label,points_in,points_out,in_out_ratio
0,-15.980835,240.74664,195.78603,6.947386,addition,0,15,0.0
1,-68.0733,275.45926,269.83417,16.623077,addition,15,48,0.23809523809523808
2,-75.65272,271.37976,312.16742,6.560668,addition,1,15,0.0625
3,-164.21242,98.08589,163.20428,7.1067357,addition,0,15,0.0
