x,y,z,dimensions,label
-213.92861553946986,234.0821589134764,365.8940435102566,"[2, 2, 10]",addition
-204.98656428923098,210.90688170166842,212.26463647824323,"[2, 2, 10]",addition
-243.44891153713579,193.2139628999313,187.08082979085955,"[2, 2, 10]",subtraction
-30.83383350974284,254.54107464053186,159.30145890479488,"[2, 2, 10]",subtraction
